2109,,,,,,,,,,
2110,"o, --output",Output vector file,,,,,,,,
2111,"o, --output",Output raster file,,,,,,,,
2112,"o, --output",Output raster file,,,,,,,,
2113,"o, --output",Output vector file,,,,,,,,
2114,"o, --output",Output csv file,,,,,,,,
2115,"o, --output",Name of the output lines vector file,,,,,,,,
2116,,,,,,,,,,
2117,"o, --output",Output vector polygon file,,,,,,,,
2118,,,,,,,,,,
2119,"o, --output",Output vector file,,,,,,,,
2120,,,,,,,,,,
2121,"o, --output",Output vector line or polygon file,,,,,,,,
2122,"o, --output",Output raster file,,,,,,,,
2123,"o, --output",Output vector lines file,,,,,,,,
2124,,,,,,,,,,
2125,"o, --output",Output raster file,,,,,,,,
2126,"o, --output",Output vector points file,,,,,,,,
2127,"o, --output",Output vector polygons file,,,,,,,,
2128,,,,,,,,,,
2129,"o, --output",Output vector polygon file,,,,,,,,
2130,"o, --output",Name of the output raster file,,,,,,,,
2131,"o, --output",Output raster file,,,,,,,,
2132,"o, --output",Output vector line or polygon file,,,,,,,,
2133,"o, --output",Output raster file,,,,,,,,
2134,"o, --output",Output raster file,,,,,,,,
2135,"o, --output",Output raster file,,,,,,,,
2136,"o, --output",Name of the output raster image file,,,,,,,,
2137,"o, --output",Output raster file,,,,,,,,
2138,routes,Name of the input routes vector file,"o, --output",Name of the output lines shapefile,,,,,,
2139,"o, --output",Name of the output raster image file,,,,,,,,
2140,output,Output raster file,,,,,,,,
2141,"o, --output",Name of the output vector lines file,,,,,,,,
2142,output,Output raster file,,,,,,,,
2143,"o, --output",Output vector lines file,,,,,,,,
2144,"o, --output",Output vector contour file,,,,,,,,
2145,output,Name of the output raster file,,,,,,,,
2146,"o, --output",Name of the output raster image file,,,,,,,,
2147,"o, --output",Name of the output void-filled DEM file,,,,,,,,
2148,"o, --output",Output raster file,,,,,,,,
2149,"o, --output",Output raster file,,,,,,,,
2150,"o, --output",Name of the output raster image file,,,,,,,,
2151,"o, --output",Output raster file,,,,,,,,
2152,"o, --output",Output raster file,out_type,"Output type, options include 'tangent', 'degrees', 'radians', 'distance' (default is 'tangent')",,,,,,
2153,"o, --output",Output raster file,,,,,,,,
2154,"o, --output",Output raster file,,,,,,,,
2155,"o, --output",Output raster file,,,,,,,,
2156,"o, --output",Output raster file,,,,,,,,
2157,"o, --output",Output raster file,,,,,,,,
2158,"o, --output",Output raster file,spillout_slope,Spillout slope (in degrees),,,,,,
2159,"o, --output",Name of the output raster file,,,,,,,,
2160,"o, --output",Output raster file,,,,,,,,
2161,"o, --output",Output raster file,,,,,,,,
2162,"o, --output",Output raster file,,,,,,,,
2163,"o, --output",Output raster file,,,,,,,,
2164,"o, --output",Output raster file,,,,,,,,
2165,"o, --output",Name of the output land-surface parameter raster file,output_zscore,Name of the output z-score raster file,output_scale,Name of the output scale raster file,,,,
2166,"o, --output",Name of the output raster image file,,,,,,,,
2167,"o, --output",Output raster file,,,,,,,,
2168,"o, --output",Output raster file,,,,,,,,
2169,"o, --output",Output raster file,,,,,,,,
2170,"o, --output",Name of the output raster image file,,,,,,,,
2171,"o, --output",Name of the output raster image file,,,,,,,,
2172,"o, --output",Output HTML file (default name will be based on input file if unspecified),,,,,,,,
2173,"o, --output",Output raster file,,,,,,,,
2174,out_mag,Name of the openness output raster file,out_scale,Name of the openness output raster file,,,,,,
2175,"o, --output",Name of the output raster file,,,,,,,,
2176,"o, --output",Output raster file,,,,,,,,
2177,out_mag,Output raster DEVmax magnitude file,out_scale,Output raster DEVmax scale file,,,,,,
2178,"o, --output",Output HTML file,,,,,,,,
2179,"o, --output",Output raster file,,,,,,,,
2180,out_mag,Output raster DIFFmax magnitude file,out_scale,Output raster DIFFmax scale file,,,,,,
2181,"o, --output",Output raster file,,,,,,,,
2182,"o, --output",Output HTML file,,,,,,,,
2183,out_mag,Output raster DEVmax magnitude file,out_scale,Output raster DEVmax scale file,,,,,,
2184,"o, --output",Output raster file,,,,,,,,
2185,"o, --output",Output raster file,,,,,,,,
2186,"o, --output",Output raster file,,,,,,,,
2187,"o, --output",Output raster file,,,,,,,,
2188,"o, --output",Output raster file,,,,,,,,
2189,"o, --output",Output raster file,,,,,,,,
2190,out_mag,Output raster magnitude file,out_scale,Output raster scale file,,,,,,
2191,out_mag,Output raster roughness magnitude file,out_scale,Output raster roughness scale file,,,,,,
2192,out_mag,Output raster roughness magnitude file,out_scale,Output raster roughness scale file,,,,,,
2193,"o, --output",Output HTML file,,,,,,,,
2194,out_mag,Output raster roughness magnitude file,out_scale,Output raster roughness scale file,,,,,,
2195,"o, --output",Output HTML file,,,,,,,,
2196,"o, --output",Output raster file,,,,,,,,
2197,"o, --output",Output raster file,,,,,,,,
2198,"o, --output",Output raster file,,,,,,,,
2199,pos_output,Name of the positive openness output raster file,neg_output,Name of the negative openness output raster file,,,,,,
2200,"o, --output",Output raster file,,,,,,,,
2201,"o, --output",Output raster file,,,,,,,,
2202,"o, --output",Output raster file,,,,,,,,
2203,"o, --output",Output HTML file,,,,,,,,
2204,"o, --output",Output raster file,,,,,,,,
2205,"o, --output",Output raster file,,,,,,,,
2206,"o, --output",Output raster file,,,,,,,,
2207,"o, --output",Output raster file,,,,,,,,
2208,"o, --output",Name of the output raster image file,,,,,,,,
2209,"o, --output",Name of the output raster image file,,,,,,,,
2210,"o, --output",Output raster file,,,,,,,,
2211,"o, --output",Output raster file,,,,,,,,
2212,"o, --output",Name of the output HTML file (*.html),,,,,,,,
2213,"o, --output",Name of the output raster file,,,,,,,,
2214,"o, --output",Name of the output raster image file,,,,,,,,
2215,"o, --output",Name of the output raster image file,,,,,,,,
2216,"o, --output",Name of the output vector file,output_html,Name of the output report file (*.html),output_as_polygons,Are the output vectors polygons or lines,,,,
2217,"o, --output",Output raster file,,,,,,,,
2218,"o, --output",Name of the output report file (*.html),,,,,,,,
2219,"o, --output",Output HTML file (default name will be based on input file if unspecified),,,,,,,,
2220,"o, --output",Name of the output raster file,,,,,,,,
2221,output,Output raster file,,,,,,,,
2222,"o, --output",Output raster DEM file,,,,,,,,
2223,"o, --output",Output raster file,,,,,,,,
2224,"o, --output",Output raster file,,,,,,,,
2225,"o, --output",Output raster file,,,,,,,,
2226,"o, --output",Output raster file,,,,,,,,
2227,"o, --output",Name of the output raster file,,,,,,,,
2228,"o, --output",Output Topographic Hachures File,,,,,,,,
2229,"o, --output",Name of the output HTML file (*.html),,,,,,,,
2230,"o, --output",Output raster file,,,,,,,,
2231,"o, --output",Name of the output raster image file,,,,,,,,
2232,"o, --output",Name of the output raster image file,,,,,,,,
2233,"o, --output",Output raster file,,,,,,,,
2234,"o, --output",Output raster file,,,,,,,,
2235,"o, --output",Output raster file,,,,,,,,
2236,"o, --output",Output raster file,,,,,,,,
2237,"o, --output",Output raster file,,,,,,,,
2238,"o, --output",Output raster file,,,,,,,,
2239,"o, --output",Output raster file,text_output,Optional text output,,,,,,
2240,"o, --output",Output vector file,,,,,,,,
2241,"o, --output",Output raster file,,,,,,,,
2242,"o, --output",Output vector polygon file,,,,,,,,
2243,"o, --output",Output vector polygon file,,,,,,,,
2244,"o, --output",Output raster file,,,,,,,,
2245,"o, --output",Output vector polygon file,,,,,,,,
2246,"o, --output",Output vector file,,,,,,,,
2247,"o, --output",Output vector points file,,,,,,,,
2248,"o, --output",Output vector polyline file,,,,,,,,
2249,"o, --output",Name of the output LiDAR point,,,,,,,,
2250,"o, --output",Output vector points file,,,,,,,,
2251,out_text,"Output point values as text? Otherwise, the only output is to to the points file's attribute table",,,,,,,,
2252,"o, --output",Output raster file,,,,,,,,
2253,"o, --output",Output vector points file,out_type,Output type; one of 'area' (default) and 'volume',,,,,,
2254,"o, --output",Name of the output raster image file,,,,,,,,
2255,"o, --output",Output raster file,,,,,,,,
2256,"o, --output",Output vector polygon file,,,,,,,,
2257,"o, --output",Output vector file,,,,,,,,
2258,"o, --output",Output vector polygon file,,,,,,,,
2259,"o, --output",Output vector polygon file,,,,,,,,
2260,"o, --output",Output vector polygon file,,,,,,,,
2261,"o, --output",Output vector polygon file,,,,,,,,
2262,"o, --output",Output raster file,,,,,,,,
2263,"o, --output",Output raster file,,,,,,,,
2264,,,,,,,,,,
2265,"o, --output",Output vector polyline file,,,,,,,,
2266,,,,,,,,,,
2267,"o, --output",Output vector polyline file,,,,,,,,
2268,"o, --output",Output raster file,,,,,,,,
2269,"o, --output",Output raster file,out_text,Would you like to output polygon areas to text?,,,,,,
2270,"o, --output",Output raster file,,,,,,,,
2271,"o, --output",Output raster file,out_text,Would you like to output polygon areas to text?,,,,,,
2272,"o, --output",Output raster file,,,,,,,,
2273,"o, --output",Output raster file,,,,,,,,
2274,"o, --output",Output raster file,,,,,,,,
2275,"o, --output",Output vector file,,,,,,,,
2276,"o, --output",Name of the output lines shapefile,,,,,,,,
2277,"o, --output",Output raster file,,,,,,,,
2278,"o, --output",Name of the output lines shapefile,,,,,,,,
2279,"o, --output",Output vector polygon file,,,,,,,,
2280,"o, --output",Output vector polygon file,,,,,,,,
2281,,,,,,,,,,
2282,"o, --output",Output raster file,,,,,,,,
2283,"o, --output",Output colour composite file,,,,,,,,
2284,"o, --output",Output raster file,,,,,,,,
2285,"o, --output",Output colour-composite file. Only used if individual bands are not specified,,,,,,,,
2286,"o, --output",Name of the output HTML file (*.html),,,,,,,,
2287,"o, --output",Output HTML file,,,,,,,,
2288,"o, --output",Output raster file,,,,,,,,
2289,"o, --output",Output raster file,,,,,,,,
2290,"o, --output",Output raster file,,,,,,,,
2291,"o, --output",Output raster file,,,,,,,,
2292,"o, --output",Output raster file,,,,,,,,
2293,"o, --output",Output raster file,,,,,,,,
2294,"o, --output",Name of the output raster file,,,,,,,,
2295,"o, --output",Output raster file,,,,,,,,
2296,"o, --output",Output raster file,,,,,,,,
2297,,,,,,,,,,
2298,,,,,,,,,,
2299,"o, --output",Output raster file,,,,,,,,
2300,"o, --output",Output raster file,,,,,,,,
2301,"o, --output",Output raster file,,,,,,,,
2302,,,,,,,,,,
2303,"o, --output",Output LiDAR file,,,,,,,,
2304,"o, --output",Name of the output LiDAR points,,,,,,,,
2305,"o, --output",Output LiDAR file,,,,,,,,
2306,"o, --output",Output LiDAR file,,,,,,,,
2307,"o, --output",Name of the output LiDAR points,,,,,,,,
2308,"o, --output",Name of the output LiDAR points,,,,,,,,
2309,"o, --output",Output LiDAR file,,,,,,,,
2310,"o, --output",Name of the output LiDAR points,,,,,,,,
2311,"o, --output",Name of the output LiDAR points,,,,,,,,
2312,"o, --output",Name of the output LiDAR points,,,,,,,,
2313,"o, --output",Output LiDAR file,,,,,,,,
2314,"o, --output",Output LiDAR file,,,,,,,,
2315,"o, --output",Output file,,,,,,,,
2316,"o, --output",Output file,,,,,,,,
2317,"o, --output",Output lidar file (including extension),,,,,,,,
2318,"o, --output",Name of the output LiDAR points,,,,,,,,
2319,"o, --output",Name of the output vector points file,,,,,,,,
2320,,,,,,,,,,
2321,"o, --output",Output LAZ file (including extension),,,,,,,,
2322,,,,,,,,,,
2323,,,,,,,,,,
2324,outdir,"Output directory into which zlidar files are created. If unspecified, it is assumed to be the same as the inputs",,,,,,,,
2325,"o, --output",Output LAS file (including extension),,,,,,,,
2326,"o, --output",Output file,,,,,,,,
2327,"o, --output",Output file,,,,,,,,
2328,"o, --output",Output LiDAR file,,,,,,,,
2329,"o, --output",Output LiDAR file,,,,,,,,
2330,"o, --output",Name of the output vector lines file,,,,,,,,
2331,"o, --output",Output raster file (including extension),,,,,,,,
2332,,,,,,,,,,
2333,"o, --output",Output LiDAR file,outclassval,Optional parameter specifying the class value assigned to points within the slice,,,,,,
2334,"o, --output",Output LiDAR file,,,,,,,,
2335,"o, --output",Output vector polygon file,,,,,,,,
2336,"o, --output",Output file,,,,,,,,
2337,"o, --output",Output HTML file (default name will be based on input file if unspecified),,,,,,,,
2338,"o, --output",Output raster file (including extension),,,,,,,,
2339,"o, --output",Output HTML file for summary report,,,,,,,,
2340,"o, --output",Output LiDAR file,,,,,,,,
2341,"o, --output",Output HTML file,,,,,,,,
2342,"o, --output",Output raster file (including extension),,,,,,,,
2343,"o, --output",Output raster file (including extension),,,,,,,,
2344,"o, --output",Name of the output LiDAR points,,,,,,,,
2345,,,,,,,,,,
2346,"o, --output",Output LiDAR file,,,,,,,,
2347,"o, --output",Output raster file (including extension),,,,,,,,
2348,"o, --output",Output LiDAR file,,,,,,,,
2349,"o, --output",Output LiDAR file,,,,,,,,
2350,"o, --output",Output vector polygon file,,,,,,,,
2351,"o, --output",Output LiDAR file,,,,,,,,
2352,"o, --output",Output file,,,,,,,,
2353,"o, --output",Name of the output LiDAR points,,,,,,,,
2354,"o, --output",Output raster file (including extension),,,,,,,,
2355,"o, --output",Output LiDAR file,,,,,,,,
2356,"o, --output",Output LiDAR file,,,,,,,,
2357,,,,,,,,,,
2358,"o, --output",Output vector polygon file,,,,,,,,
2359,"o, --output",Output raster file (including extension),,,,,,,,
2360,"o, --output",Output LiDAR file,,,,,,,,
2361,"o, --output",Name of the output LiDAR points,,,,,,,,
2362,"o, --output",Output LiDAR file,,,,,,,,
2363,"o, --output",Name of the output LiDAR file,,,,,,,,
2364,"o, --output",Name of the output LiDAR points,,,,,,,,
2365,outdir,Output directory into which LAS files within the polygon are copied,,,,,,,,
2366,"o, --output",Name of the output LiDAR points,,,,,,,,
2367,,,,,,,,,,
2368,outdir,"Output directory into which zlidar files are created. If unspecified, it is assumed to be the same as the inputs",,,,,,,,
2369,"o, --output",Name of the output raster file,,,,,,,,
2370,"o, --output",Output raster file,out_html,Output HTML report file,,,,,,
2371,"o, --output",Name of the output raster file,,,,,,,,
2372,"o, --output",Name of the output raster file,,,,,,,,
2373,"o, --output",Name of the output raster file,,,,,,,,
2374,"o, --output",Output raster file,out_html,Output HTML report file,,,,,,
2375,"o, --output",Name of the output raster file,,,,,,,,
2376,"o, --output",Name of the output model file (*.dat),,,,,,,,
2377,"o, --output",Name of the output raster file,,,,,,,,
2378,"o, --output","Name of the output raster file. This parameter is optional. When unspecified, the tool will only build the model. When specified, the tool will use the built model and predictor rasters to perform a spatial prediction",,,,,,,,
2379,"o, --output",Name of the output model file (*.dat),,,,,,,,
2380,"o, --output",Name of the output raster file,,,,,,,,
2381,"o, --output",Name of the output raster file,,,,,,,,
2382,"o, --output",Name of the output raster file,,,,,,,,
2383,"o, --output",Output raster file,,,,,,,,
2384,"o, --output",Output raster file,,,,,,,,
2385,"o, --output",Output raster file,,,,,,,,
2386,"o, --output",Output HTML file,,,,,,,,
2387,"o, --output",Output raster file,,,,,,,,
2388,"o, --output",Output raster file,,,,,,,,
2389,"o, --output",Output raster file,,,,,,,,
2390,"o, --output",Output raster file,,,,,,,,
2391,"o, --output",Output raster file,,,,,,,,
2392,"o, --output",Output raster file,,,,,,,,
2393,"o, --output",Output raster file,,,,,,,,
2394,"o, --output",Output HTML file (default name will be based on input file if unspecified),,,,,,,,
2395,,,,,,,,,,
2396,"o, --output",Output HTML file (default name will be based on input file if unspecified),,,,,,,,
2397,"o, --output",Output HTML file (default name will be based on input file if unspecified),,,,,,,,
2398,"o, --output",Output raster file,,,,,,,,
2399,output,Name of the output raster file,,,,,,,,
2400,"o, --output",Output shapefile,,,,,,,,
2401,"o, --output",Output raster file,,,,,,,,
2402,"o, --output",Output raster file,,,,,,,,
2403,"o, --output",Optional output html file (default name will be based on input file if unspecified),,,,,,,,
2404,"o, --output",Output HTML file (default name will be based on input file if unspecified),,,,,,,,
2405,"o, --output",Output raster file,,,,,,,,
2406,"o, --output",Output raster file,,,,,,,,
2407,"o, --output",Output raster file,,,,,,,,
2408,"o, --output",Output raster file,,,,,,,,
2409,"o, --output",Output raster file,,,,,,,,
2410,"o, --output",Output raster file,,,,,,,,
2411,"o, --output",Output raster file,,,,,,,,
2412,"o, --output",Output raster file,,,,,,,,
2413,"o, --output",Output HTML file (default name will be based on input file if unspecified),,,,,,,,
2414,"o, --output",Output HTML file (default name will be based on input file if unspecified),,,,,,,,
2415,"o1, --output1",Output correlation (r-value or rho) raster file,"o2, --output2",Output significance (p-value) raster file,,,,,,
2416,"o, --output",Output HTML file for regression summary report,out_residuals,Output raster regression residual file,,,,,,
2417,,,,,,,,,,
2418,,,,,,,,,,
2419,,,,,,,,,,
2420,,,,,,,,,,
2421,"o, --output",Output raster file,,,,,,,,
2422,"o, --output",Output raster file,,,,,,,,
2423,,,,,,,,,,
2424,"o, --output",Output raster file,,,,,,,,
2425,"o, --output",Output HTML file,,,,,,,,
2426,"o, --output",Output HTML file,,,,,,,,
2427,"o, --output",Output raster file,,,,,,,,
2428,"o, --output",Output HTML file (default name will be based on input file if unspecified),,,,,,,,
2429,,,,,,,,,,
2430,"o, --output",Output raster file,,,,,,,,
2431,"o, --output",Output raster file,,,,,,,,
2432,"o, --output",Output raster file,,,,,,,,
2433,"o, --output",Output raster file,,,,,,,,
2434,"o, --output",Output raster file,,,,,,,,
2435,"o, --output",Output raster file,,,,,,,,
2436,"o, --output",Output raster file,,,,,,,,
2437,"o, --output",Output raster file,,,,,,,,
2438,"o, --output",Output raster file,,,,,,,,
2439,"o, --output",Output raster file,,,,,,,,
2440,"o, --output",Output raster file,,,,,,,,
2441,"o, --output",Output HTML file,,,,,,,,
2442,"o, --output",Name of the output HTML file,,,,,,,,
2443,"o, --output",Output raster file,,,,,,,,
2444,"out_html, --output",Output HTML report file,,,,,,,,
2445,"o, --output",Output raster file,,,,,,,,
2446,"o, --output",Output raster file,,,,,,,,
2447,"o, --output",Output raster file,,,,,,,,
2448,output,Name of the output raster file,,,,,,,,
2449,"o, --output",Output HTML file (default name will be based on input file if unspecified),,,,,,,,
2450,,,,,,,,,,
2451,"o, --output",Output raster file,,,,,,,,
2452,"o, --output",Output raster file,out_min_val,New minimum value in output image,out_max_val,New maximum value in output image,,,,
2453,,,,,,,,,,
2454,"o, --output",Output raster file,,,,,,,,
2455,"o, --output",Output raster file,,,,,,,,
2456,"o, --output",Output raster file,,,,,,,,
2457,"o, --output",Output raster file,,,,,,,,
2458,"o, --output",Output raster file,,,,,,,,
2459,"o, --output",Output raster file,,,,,,,,
2460,"o, --output",Output raster file,,,,,,,,
2461,"o, --output",Output raster file,,,,,,,,
2462,"o, --output",Output raster file,,,,,,,,
2463,"o, --output",Output raster file,,,,,,,,
2464,"o, --output",Output raster file,,,,,,,,
2465,"o, --output",Output raster file,,,,,,,,
2466,"o, --output",Output raster file,,,,,,,,
2467,"o, --output",Output file,,,,,,,,
2468,"o, --output",Output HTML file,,,,,,,,
2469,"o, --output",Output HTML file,,,,,,,,
2470,"o, --output",Output raster file,,,,,,,,
2471,"o, --output",Output raster file,,,,,,,,
2472,"o, --output",Output raster file,out_table,Output HTML Table file,,,,,,
2473,"o, --output",Name of the output points shapefile,,,,,,,,
2474,output_lines,Name of the output pass lines shapefile,output_points,Name of the output points shapefile,,,,,,
2475,"o, --output",Name of the output points shapefile,,,,,,,,
2476,"o, --output",Name of the output points shapefile,,,,,,,,
2477,"o, --output",Name of the output polygon shapefile,,,,,,,,
2478,"o, --output",Name of the output points shapefile,,,,,,,,
2479,outlet,Name of the input outlet vector points file,"o, --output",Name of the output lines vector file,,,,,,
2480,"o, --output",Output raster file,,,,,,,,
2481,"o, --output",Output raster file,,,,,,,,
2482,"o, --output",Output raster file,,,,,,,,
2483,"o, --output",Output raster file,,,,,,,,
2484,"o, --output",Output raster file,,,,,,,,
2485,"o, --output",Output raster file,,,,,,,,
2486,"o, --output",Output raster file,,,,,,,,
2487,"o, --output",Output raster file,,,,,,,,
2488,"o, --output",Output HTML file,,,,,,,,
2489,"o, --output",Output HTML file,,,,,,,,
2490,"o, --output",Name of the output lines shapefile,,,,,,,,
2491,"o, --output",Output vector file,,,,,,,,
2492,"o, --output",Output raster file,,,,,,,,
2493,"o, --output",Output raster file,,,,,,,,
2494,"o, --output",Name of the output lines vector file,,,,,,,,
2495,"o, --output",Output raster file,,,,,,,,
2496,"o, --output",Output raster file,,,,,,,,
2497,"o, --output",Output raster file,,,,,,,,
2498,"o, --output",Output raster file,,,,,,,,
2499,"o, --output",Output raster file,,,,,,,,
2500,"o, --output",Output raster file,,,,,,,,
2501,"o, --output",Output raster file,,,,,,,,
2502,"o, --output",Output raster file,,,,,,,,
2503,"o, --output",Output raster file,,,,,,,,
2504,,,,,,,,,,
2505,,,,,,,,,,
2506,,,,,,,,,,
2507,"o, --output",Name of the output report file (*.html),,,,,,,,
2508,"o, --output",Name of the output raster file,,,,,,,,
2509,"o, --output",Name of the output raster file,,,,,,,,
2510,"o, --output",Name of the output raster file,,,,,,,,
2511,"o, --output",Name of the output raster file,,,,,,,,
2512,"o, --output",Name of the output raster file,,,,,,,,
2513,"o, --output",Output raster file,,,,,,,,
2514,"o, --output",Output raster file,,,,,,,,
2515,out_accum,Output cost accumulation raster file,out_backlink,Output backlink raster file,,,,,,
2516,"o, --output",Output cost pathway raster file,,,,,,,,
2517,"o, --output",Output raster file,,,,,,,,
2518,"o, --output",Output raster file,,,,,,,,
2519,"o, --output",Output raster file,,,,,,,,
2520,"o, --output",Output raster file,,,,,,,,
2521,"o, --output",Name of the output raster image file,,,,,,,,
2522,"o, --output",Output raster file,,,,,,,,
2523,"o, --output",Output raster file,,,,,,,,
2524,"o, --output",Output raster file,,,,,,,,
2525,"o, --output",Output raster file,,,,,,,,
2526,"o, --output",Output raster file,,,,,,,,
2527,"o, --output",Output raster file,,,,,,,,
2528,"o, --output",Output raster file,,,,,,,,
2529,"o, --output",Output raster file,,,,,,,,
2530,"o, --output",Output raster file,,,,,,,,
2531,"o, --output",Output raster file,,,,,,,,
2532,"o, --output",Output raster file,,,,,,,,
2533,"o, --output",Output raster file,,,,,,,,
2534,"o, --output",Output raster file,,,,,,,,
2535,"o, --output",Output raster file,,,,,,,,
2536,"o, --output",Output raster file,,,,,,,,
2537,"o, --output",Output raster file,,,,,,,,
2538,"o, --output",Output raster file,,,,,,,,
2539,"o, --output",Output raster file,,,,,,,,
2540,"o, --output",Output raster file,,,,,,,,
2541,"o, --output",Output raster file,,,,,,,,
2542,"o, --output",Output raster file,,,,,,,,
2543,"o, --output",Output raster file,,,,,,,,
2544,"o, --output",Output raster file,,,,,,,,
2545,"o, --output",Output raster file,,,,,,,,
2546,"o, --output",Output raster file,,,,,,,,
2547,"o, --output",Output raster file,,,,,,,,
2548,"o, --output",Output raster file,,,,,,,,
2549,"o, --output",Output raster file,,,,,,,,
2550,"o, --output",Output raster file,,,,,,,,
2551,"o, --output",Output raster file,,,,,,,,
2552,"o, --output",Output raster file,,,,,,,,
2553,"o, --output",Output raster file,,,,,,,,
2554,"o, --output",Output raster file,,,,,,,,
2555,"o, --output",Output raster file,,,,,,,,
2556,"o, --output",Output raster file,,,,,,,,
2557,"o, --output",Output raster file,,,,,,,,
2558,"o, --output",Output raster file,,,,,,,,
2559,"o, --output",Output raster file,,,,,,,,
2560,"o, --output",Output raster file,,,,,,,,
2561,"o, --output",Output raster file,out_type,"Output type; one of 'cells' (default), 'catchment area', and 'specific contributing area'",,,,,,
2562,"o, --output",Output raster file,,,,,,,,
2563,,,,,,,,,,
2564,"o, --output",Output raster file,,,,,,,,
2565,"o, --output",Output raster file,out_type,"Output type; one of 'cells', 'sca' (default), and 'ca'",,,,,,
2566,"o, --output",Output raster file,,,,,,,,
2567,"o, --output",Output raster file,,,,,,,,
2568,"o, --output",Output raster file,,,,,,,,
2569,"o, --output",Name of the output raster image file,,,,,,,,
2570,"o, --output",Output raster file,,,,,,,,
2571,"o, --output",Output raster file,,,,,,,,
2572,"o, --output",Name of the output raster file,,,,,,,,
2573,"o, --output",Output raster file,,,,,,,,
2574,"o, --output",Output raster file,,,,,,,,
2575,"o, --output",Output raster file,out_type,"Output type; one of 'cells', 'specific contributing area' (default), and 'catchment area'",,,,,,
2576,"o, --output",Output raster file,,,,,,,,
2577,"o, --output",Output raster file,,,,,,,,
2578,"o, --output",Output raster file,,,,,,,,
2579,"o, --output",Output raster file,,,,,,,,
2580,"o, --output",Output raster file,,,,,,,,
2581,"o, --output",Output raster file,,,,,,,,
2582,"o, --output",Output raster file,,,,,,,,
2583,"o, --output",Output raster file,,,,,,,,
2584,"o, --output",Output raster file,,,,,,,,
2585,"o, --output",Output raster file,,,,,,,,
2586,out_dem,Output raster DEM file,out_pntr,Output raster flow pointer file,out_accum,Output raster flow accumulation file,out_type,"Output type; one of 'cells', 'sca' (default), and 'ca'",,
2587,"o, --output",Output raster file,,,,,,,,
2588,"o, --output",Output raster file,,,,,,,,
2589,output1,Name of the output downslope unsaturated length (DUL) file,output2,Name of the output upslope disconnected saturated area (UDSA) file,,,,,,
2590,out_mean,Output mean flooded depth file,out_max,Output maximum flooded depth file,out_volume,Output flooded volume file,out_area,Output flooded area file,out_dam_height,Output dam height file
2591,"o, --output",Output file,,,,,,,,
2592,"o, --output",Output raster file,,,,,,,,
2593,"o, --output",Output vector file,,,,,,,,
2594,"o, --output",Output vector file,,,,,,,,
2595,"o, --output",Name of the output vector file,,,,,,,,
2596,"o, --output",Output raster file,,,,,,,,
2597,output,Name of the output raster file,,,,,,,,
2598,"o, --output",Output raster file,out_type,"Output type; one of 'cells', 'specific contributing area' (default), and 'catchment area'",,,,,,
2599,"o, --output",Output raster file,,,,,,,,
2600,output,Name of the output raster file,out_type,"Output type; one of 'cells', 'specific contributing area' (default), and 'catchment area'",,,,,,
2601,output,Name of the output raster file,out_type,"Output type; one of 'cells', 'specific contributing area' (default), and 'catchment area'",,,,,,
2602,"o, --output",Output raster file,,,,,,,,
2603,output,Name of the output raster file,out_type,"Output type; one of 'cells', 'specific contributing area' (default), and 'catchment area'",,,,,,
2604,,,,,,,,,,
2605,"o, --output",Output raster file,,,,,,,,
2606,"o, --output",Name of the output vector lines file,,,,,,,,
2607,"o, --output",Output raster file,,,,,,,,
2608,"o, --output",Output vector file,,,,,,,,
2609,"o, --output",Output file,,,,,,,,
2610,"o, --output",Output raster file,,,,,,,,
2611,"o, --output",Output raster file,,,,,,,,
2612,out_streams,Name of the output pruned streams raster,out_dem,Name of the output lines shapefile,out_dir,Name of the output flow direction raster,out_accum,Name of the output lines shapefile,,
2613,"o, --output",Output raster file,,,,,,,,
2614,"o, --output",Output raster file,,,,,,,,
2615,"o, --output",Output raster file,,,,,,,,
2616,"o, --output",Output raster file,,,,,,,,
2617,"o, --output",Output raster file,,,,,,,,
2618,"o, --output",Output raster file,,,,,,,,
2619,"o, --output",Output raster file,,,,,,,,
2620,"o, --output",Output raster file,,,,,,,,
2621,"o, --output",Output raster file,,,,,,,,
2622,"o, --output",Output raster file,,,,,,,,
2623,"o, --output",Output raster file,,,,,,,,
2624,"o, --output",Output raster file,,,,,,,,
2625,"o, --output",Output raster file,,,,,,,,
2626,"o, --output",Output colour composite file,,,,,,,,
2627,"o, --output",Output raster file,,,,,,,,
2628,"o, --output",Name of the output raster image file,,,,,,,,
2629,"o, --output",Output raster file,,,,,,,,
2630,"o, --output",Output raster file,,,,,,,,
2631,"o, --output",Output raster file,,,,,,,,
2632,"o, --output",Output vector file,,,,,,,,
2633,"o, --output",Output raster file,,,,,,,,
2634,"o, --output",Output raster file,,,,,,,,
2635,"o, --output",Output vector file,,,,,,,,
2636,"o, --output",Output vector file,,,,,,,,
2637,"o, --output",Output raster file,,,,,,,,
2638,"o, --output",Output raster file,,,,,,,,
2639,"o, --output",Output vector file,,,,,,,,
2640,"o, --output",Output vector point file,,,,,,,,
2641,"o, --output",Output raster file,,,,,,,,
2642,"o, --output",Output raster file,,,,,,,,
2643,"o, --output",Output raster file,,,,,,,,
2644,"o, --output",Output vector file,,,,,,,,
2645,"o, --output",Output raster file,,,,,,,,
2646,"o, --output",Output raster file,,,,,,,,
2647,"o, --output",Output raster file,,,,,,,,
2648,"o, --output",Output raster file,,,,,,,,
2649,"o, --output",Output raster file,,,,,,,,
2650,"o, --output",Output raster file,,,,,,,,
2651,"o, --output",Output raster file,,,,,,,,
2652,"o, --output",Output vector polygon file,,,,,,,,
2653,"o, --output",Output vector file,,,,,,,,
2654,"o, --output",Output raster file,,,,,,,,
2655,"o, --output",Output vector file,,,,,,,,
2656,"o, --output",Output vector file,,,,,,,,
2657,"o, --output",Output raster file,,,,,,,,
2658,"o, --output",Output raster file,,,,,,,,
2659,"o, --output",Output raster file,,,,,,,,
2660,"o, --output",Output raster file,,,,,,,,
2661,,,,,,,,,,
2662,,,,,,,,,,
2663,"o, --output",Output raster file,output_text,flag indicating whether a text report should also be output,,,,,,
2664,,,,,,,,,,
2665,"o, --output",Output raster file,,,,,,,,
2666,,,,,,,,,,
2667,,,,,,,,,,
2668,"o, --output",Output raster file,,,,,,,,
2669,,,,,,,,,,
2670,,,,,,,,,,
2671,"o, --output",Output raster file,text_output,Optional text output,,,,,,
2672,,,,,,,,,,
2673,,,,,,,,,,
2674,"o, --output",Output raster file,,,,,,,,
